city,state,country,latitude,longitude,humidity,temp,temp_max,clouds,wind
6th floor,New York,United States,40.745487,-73.99168499999999,84,68.94,74.01,1,1.01
Rikitea,The Tuamotu and Gambier Islands,French Polynesia,-23.1223034,-134.9691543,77,75.09,75.09,77,12.12
210,New York,United States,40.72969990000001,-73.98881349999999,84,68.79,74.05,1,3.44
425,Alabama,United States,33.4909753,-86.8183665,82,77.14,81.79,100,5.86
San Pedro Pochutla,Oaxaca,Mexico,15.7489259,-96.4672856,57,88.66,88.66,86,7.16
Turukhansk,Krasnoyarsk Krai,Russia,65.79585999999999,87.962418,96,34.66,34.66,100,10.49
Gorgan,Golestan Province,Iran,36.8456427,54.4393363,94,64.54,64.54,0,0.0
Acapulco,Guerrero,Mexico,16.8531086,-99.8236533,57,85.17,85.17,99,8.14
Jamestown,Virginia,United States,37.2116383,-76.7752102,91,72.81,83.01,1,3.44
Clyde River,Nunavut,Canada,70.47636500000002,-68.60126509999999,86,31.98,31.98,90,6.91
Severo-Kurilsk,Sakhalin Oblast,Russia,50.6683424,156.115192,85,45.1,45.1,100,17.78
Ikom,Cross River,Nigeria,5.9616504,8.7205877,98,73.8,73.8,99,2.33
Port Lincoln,South Australia,Australia,-34.7226381,135.8597449,82,59.43,59.43,91,13.71
Stornoway,Scotland,United Kingdom,58.209435,-6.3848692,82,53.64,55.87,90,4.61
Tezu,Arunachal Pradesh,India,27.9276542,96.1533094,87,71.44,71.44,97,4.85
Lebu,Bio Bio,Chile,-37.6080479,-73.6514907,83,51.3,51.3,78,5.7
Klyuchi,Kamchatka Krai,Russia,56.3220231,160.8433324,61,59.67,59.67,100,4.29
Saint-Philippe,Saint-Pierre,Réunion,-21.3035757,55.7356129,87,52.74,54.99,48,8.55
Puerto Ayora,Galápagos Islands,Ecuador,-0.7432918,-90.3156893,85,74.98,79.2,79,5.99
El Fuerte,Sinaloa,Mexico,26.417632,-108.6145938,21,98.02,98.02,0,19.75
Hermanus,Western Cape,South Africa,-34.4092004,19.2504436,83,52.92,53.01,5,9.91
San Patricio,Texas,United States,27.9544619,-97.77194190000002,65,82.29,84.33,71,2.33
Mindelo,São Vicente,Cape Verde,16.8765457,-24.9813499,73,72.97,72.97,20,35.68
Torbay,England,United Kingdom,50.4392329,-3.5369899,87,53.33,55.72,0,4.0
Port Blair,Andaman and Nicobar Islands,India,11.6233774,92.7264828,78,82.92,82.92,100,6.44
Klaksvík,Northern Isles,Faroe Islands,62.2271922,-6.5779064,96,50.2,50.2,66,14.63
406,New Jersey,United States,40.8074178,-74.1927331,85,69.1,74.01,40,1.01
Shahrbabak,Kerman Province,Iran,30.11721589999999,55.1210303,9,78.53,78.53,2,9.89
756,Ohio,United States,39.9565109,-82.8497895,44,82.47,84.22,20,10.36
Matara,Southern Province,Sri Lanka,5.95492,80.5549561,88,77.52,77.52,92,11.21
Lokosovo,Khanty-Mansi Autonomous Okrug,Russia,61.131389,74.855278,73,43.16,43.16,55,6.31
Ust-Kamchatsk,Kamchatka Krai,Russia,56.22747,162.469299,74,48.24,48.24,100,3.78
Princeton,New Jersey,United States,40.3430942,-74.65507389999999,82,71.26,78.62,1,6.08
Ittoqqortoormiit,Sermersooq Municipality,Greenland,70.48556909999999,-21.9628757,59,40.32,40.32,70,2.37
100,Texas,United States,31.7591601,-106.485421,21,86.07,88.97,75,1.61
Ferkessédougou,Savanes District,Côte d'Ivoire,9.5842012,-5.1953554,69,80.58,80.58,44,10.02
Kota Ambon,Maluku,Indonesia,-3.6386665,128.1688559,94,75.29,75.29,40,7.47
105,Texas,United States,32.774847,-97.123698,63,79.41,81.28,1,4.0
Kiunga,Western Province,Papua New Guinea,-6.1202907,141.2998457,100,72.82,72.82,100,2.48
Shemysheika,Penza Oblast,Russia,52.8983155,45.3899032,97,54.27,54.27,100,14.25
Yellowknife,Northwest Territories,Canada,62.4539717,-114.3717887,74,57.56,59.2,75,8.05
Attawapiskat,Ontario,Canada,52.9258846,-82.42889219999999,93,42.78,42.78,90,10.36
Busselton,Western Australia,Australia,-33.6531584,115.3454892,85,54.09,54.09,94,2.24
Bambous Virieux,Grand Port District,Mauritius,-20.3438619,57.7636821,94,71.56,72.95,75,17.54
Saint Joseph,Missouri,United States,39.7674578,-94.846681,53,85.26,88.52,0,8.19
Camacha,Madeira,Portugal,32.679852,-16.8502879,75,57.72,58.46,40,1.99
Taolagnaro,Toliara Province,Madagascar,-25.0225309,46.9853688,94,67.96,67.96,20,9.22
Dmitriyevskoye,Vladimir Oblast,Russia,56.11902670000001,41.4681985,85,48.49,48.49,14,6.58
Kavieng,New Ireland Province,Papua New Guinea,-2.5781167,150.8086082,74,84.04,84.04,30,11.52
Devils Lake,Wisconsin,United States,43.4183975,-89.7309534,29,87.51,89.96,1,15.57
#202,Florida,United States,30.2881911,-81.4624499,72,82.42,86.2,100,7.0
Се́льское поселе́ние Сентябрьский,Ханты-Мансийский автономный округ,Russia,60.49545690000001,72.2080598,81,42.53,42.53,26,5.7
Adrar,Adrar Province,Algeria,28.0174403,-0.2642497,22,95.2,95.2,100,13.62
Kazachinskoye,Krasnoyarsk Krai,Russia,57.69515010000001,93.2753817,68,47.91,47.91,100,6.98
Cape Town,Western Cape,South Africa,-33.9248685,18.4240553,72,55.74,57.11,0,5.57
Daru,Western Province,Papua New Guinea,-9.0781959,143.2099707,75,79.54,79.54,98,11.74
Kachīry,Pavlodar Province,Kazakhstan,53.0695445,76.1038295,76,43.77,43.77,63,17.22
Pelabuhanratu,West Java,Indonesia,-6.9852341,106.5475399,90,77.38,77.38,19,3.83
Srednekolymsk,Sakha Republic,Russia,67.43730699999999,153.728674,23,71.82,71.82,100,22.55
Salalah,Dhofar Governorate,Oman,17.0193843,54.11075049999999,80,79.02,79.02,100,1.66
44,Ontario,Canada,43.6693078,-79.4639222,62,76.42,81.18,75,1.01
Cap Malheureux,Rivière du Rempart District,Mauritius,-19.986874,57.61274239999999,91,73.47,73.47,45,5.01
Ponta Do Sol,Madeira,Portugal,32.6854883,-17.0864266,67,61.95,63.32,36,6.78
Lorengau,Manus Province,Papua New Guinea,-2.0298424,147.2743657,72,84.63,84.63,26,6.76
Cabo San Lucas,Baja California Sur,Mexico,22.8905327,-109.9167371,52,88.47,99.45,6,10.04
Qaanaaq,Qaasuitsup Municipality,Greenland,77.4670434,-69.2284827,81,33.44,33.44,48,1.28
Broome,Western Australia,Australia,-17.9644291,122.2303657,46,73.29,73.29,90,9.22
Cairns,Queensland,Australia,-16.9203476,145.7709529,65,73.72,74.1,92,12.66
Cortes Bank,,,32.4666667,-119.1666667,78,59.36,59.36,35,4.61
8050,Texas,United States,32.9064464,-96.7663801,61,79.7,81.37,75,3.0
Rio Grande City,Texas,United States,26.3797874,-98.8203046,48,80.98,82.11,53,4.72
Poum Lake,British Columbia,Canada,49.5506879,-125.0753392,74,51.15,53.13,98,6.24
Necochea,Buenos Aires Province,Argentina,-38.5544968,-58.73960879999999,82,51.01,51.01,100,2.75
Reisterstown,Maryland,United States,39.4695489,-76.82942129999999,49,79.68,82.58,6,5.01
Marsciano,Umbria,Italy,42.9517217,12.3234816,65,62.28,66.51,70,2.82
Lungulețu,Dâmbovița County,Romania,44.6027201,25.6620609,85,59.95,61.41,99,2.73
Butaritari,,Kiribati,3.1166667,172.8,68,82.83,82.83,94,4.72
Mucurapo,Port of Spain Corporation,Trinidad and Tobago,10.6693395,-61.5325824,90,77.99,79.21,100,8.39
Bengkulu,Bengkulu,Indonesia,-3.792845099999999,102.2607641,92,74.73,74.73,97,3.96
Vila Velha,State of Espírito Santo,Brazil,-20.3477821,-40.2949528,88,75.0,75.2,20,1.01
Atuona,Marquesas Islands,French Polynesia,-9.8028605,-139.0398069,80,79.99,79.99,26,18.07
Hithadhoo,South Province,Maldives,-0.6060574,73.0892245,79,81.64,81.64,100,15.43
Bluff,Utah,United States,37.2844448,-109.5517877,15,89.55,89.55,10,2.37
Iqaluit,Nunavut,Canada,63.74669300000001,-68.5169669,80,35.1,35.73,90,17.0
Nantucket,Massachusetts,United States,41.2834704,-70.099451,96,60.64,63.01,90,11.5
180,Missouri,United States,38.7809116,-90.3638024,39,84.09,87.3,29,1.01
Amderma,Nenets Autonomous Okrug,Russia,69.751221,61.6636961,88,37.31,37.31,98,24.58
Ushuaia,Tierra del Fuego Province,Argentina,-54.8019121,-68.3029511,93,31.62,31.62,20,4.61
Höfn,,Iceland,64.24970259999999,-15.2020077,98,47.08,47.08,100,6.26
Progreso,Yucatan,Mexico,21.2811908,-89.66516279999999,77,87.13,87.13,56,15.68
Njombe,Iringa Region,Tanzania,-9.3731511,34.8005067,97,49.66,49.66,13,4.5
Norman Wells,Northwest Territories,Canada,65.28149379999999,-126.8286524,48,60.84,60.84,75,17.27
Coyhaique,Aysén,Chile,-45.5712254,-72.068265,81,39.45,40.14,75,3.44
Pontes e Lacerda,State of Mato Grosso,Brazil,-15.2334749,-59.3285193,46,76.62,76.62,9,4.09
Cidreira,State of Rio Grande do Sul,Brazil,-30.1769388,-50.2089142,86,65.01,65.01,16,9.53
Hoseyni,,Iran,34.7808149,60.42570499999999,11,80.85,80.85,0,14.83
Punta Arenas,Magallanes and Chilean Antarctica,Chile,-53.1638329,-70.9170683,100,34.0,34.0,90,2.82
Luang Prabang,Luang Prabang Province,Laos,19.883285,102.1387166,98,72.37,72.37,92,0.45
Desbiens,Quebec,Canada,48.4177323,-71.9489606,73,70.5,75.67,89,3.53
Puerto Ayacucho,Amazonas,Venezuela,5.6614718,-67.58277439999999,87,77.86,77.86,82,2.89
Ste 502,Texas,United States,30.4454815,-97.7447146,82,75.9,81.86,90,4.0
Buraydah,Al Qassim,Saudi Arabia,26.3592309,43.98181200000001,12,91.92,91.92,4,8.95
Jinchengjiang District,Guangxi,China,24.689703,108.037276,87,67.17,67.17,13,1.97
#211,Massachusetts,United States,42.3233721,-71.4003591,89,68.94,73.11,100,5.14
Pangnirtung,Nunavut,Canada,66.1465578,-65.7012182,75,37.18,37.18,90,5.75
Riyadh,Riyadh Province,Saudi Arabia,24.7135517,46.6752957,20,92.97,92.97,0,0.0
Sorong,West Papua,Indonesia,-0.8761629000000001,131.255828,90,77.68,77.68,100,7.23
Ismailia,Ismailia Governorate,Egypt,30.5964923,32.2714587,75,65.73,65.73,0,8.03
Norrtälje,Stockholm County,Sweden,59.7595841,18.7013584,76,51.37,54.05,27,2.93
Shakawe,North-West District,Botswana,-18.3673364,21.8389726,51,48.0,48.0,0,6.55
Gat,South District,Israel,31.627796,34.794112,100,65.35,68.49,0,1.1
Quatre Cocos,Flacq District,Mauritius,-20.201639,57.7743197,84,73.42,73.42,79,16.46
Carnarvon,Western Australia,Australia,-24.8838524,113.657068,93,49.98,49.98,0,9.22
Aginskoe,Zabaykalsky Krai,Russia,51.1032586,114.5427156,51,62.55,62.55,12,4.56
Belushya Guba,Arkhangelsk Oblast,Russia,71.53903389999999,52.3381368,89,35.6,35.6,100,20.02
Belousovka,East Kazakhstan Province,Kazakhstan,50.13142320000001,82.5302523,93,41.74,41.74,75,6.6
Alirajpur,Madhya Pradesh,India,22.3059709,74.35581479999999,62,81.36,81.36,61,11.03
Tasiilaq,Sermersooq Municipality,Greenland,65.6134561,-37.6335696,93,37.83,37.83,100,2.48
Sept-Iles,Quebec,Canada,50.21329679999999,-66.37579199999999,74,63.7,66.61,40,1.01
Paralimni,Famagusta,Cyprus,35.0352421,33.986149,77,68.05,68.09,0,4.0
Tessalit,Kidal Region,Mali,20.2573532,0.9910297999999998,8,96.04,96.04,9,5.97
Nador,Oriental,Morocco,35.1686165,-2.9275836,88,68.25,68.25,90,5.77
Muhos,,Finland,64.8075384,25.9942516,61,55.2,55.2,61,1.63
Sao Filipe,Sao Filipe,Cape Verde,14.8951679,-24.4945636,76,73.65,73.65,56,15.43
Wichita Falls,Texas,United States,33.8893394,-98.4874877,41,84.83,86.29,1,12.66
Maceió,State of Alagoas,Brazil,-9.6498487,-35.7089492,94,74.64,74.64,20,13.02
Kununurra,Western Australia,Australia,-15.7758935,128.7385753,33,73.31,73.31,49,12.66
Kulhudhuffushi,Upper North Province,Maldives,6.6261633,73.0670909,78,82.42,82.42,100,17.45
Kisbér,,Hungary,47.4975746,18.028651,66,58.42,64.11,25,6.93
Yulara,Northern Territory,Australia,-25.237979,130.9856199,87,37.26,37.26,0,4.61
Yuancheng District,Guangdong Province,China,23.733969,114.702517,86,70.45,70.45,100,2.77
Genthin,Saxony-Anhalt,Germany,52.4006218,12.1601527,96,64.69,67.39,75,5.26
2809,Georgia,United States,33.5435662,-84.3014666,66,82.47,86.13,1,5.99
Bani,Centre-Nord Region,Burkina Faso,13.6416525,-1.4929475,23,97.02,97.02,46,6.91
7100,Oklahoma,United States,35.395382,-97.456914,41,83.14,84.31,1,10.36
10808,Oklahoma,United States,36.0603092,-95.8561644,50,83.68,84.92,57,1.01
Gravdal,Nordland,Norway,68.1203112,13.5365569,84,50.92,50.92,89,9.46
Oyugis,Homa Bay County,Kenya,-0.5078963,34.73816619999999,85,63.54,63.54,100,2.82
Arraial do Cabo,State of Rio de Janeiro,Brazil,-22.9673373,-42.0268099,100,69.78,69.78,0,14.85
Aberdeen,South Dakota,United States,45.4646985,-98.4864829,27,93.38,93.38,8,7.9
Ribeira Grande,Azores,Portugal,37.8210369,-25.5148137,77,62.85,62.85,20,5.14
Nipawin,Saskatchewan,Canada,53.3623525,-104.0130053,18,84.22,84.22,1,2.3
Victoria,British Columbia,Canada,48.4284207,-123.3656444,65,60.01,65.68,75,9.22
Hualmay District,Lima Region,Peru,-11.0883431,-77.61065119999999,80,65.82,65.82,3,12.37
Tan An,Long An Province,Vietnam,10.5383411,106.40513,90,80.62,80.62,94,3.89
Gladstone,Missouri,United States,39.2038918,-94.554677,75,83.62,86.29,81,8.48
Camana,Arequipa,Peru,-16.6235522,-72.7104708,81,64.22,64.22,1,3.36
Saldanha,Western Cape,South Africa,-33.0276981,17.9176312,58,48.16,48.16,91,6.26
Santa Cruz de Tenerife,Canary Islands,Spain,28.4636296,-16.2518467,78,65.91,68.52,40,1.01
Bolungarvík,,Iceland,66.1517719,-23.261709,89,47.3,47.3,100,2.59
Puerto Colombia,Atlantico,Colombia,11.001004,-74.950761,84,85.51,85.51,99,19.46
Talnakh,Krasnoyarsk Krai,Russia,69.5,88.39999999999999,98,30.83,30.83,100,6.98
Albany,New York,United States,42.6525793,-73.7562317,66,77.29,79.81,78,1.01
Vila Franca do Campo,Azores,Portugal,37.7157269,-25.4345063,78,63.01,63.01,100,4.43
Chatanga,Krasnoyarsk Krai,Russia,71.964027,102.4406129,96,33.06,33.06,100,11.74
Paamiut,Sermersooq Municipality,Greenland,61.99411509999999,-49.6665709,63,41.45,41.45,100,23.91
Jiroft,Kerman Province,Iran,28.6751124,57.73715689999999,21,94.51,94.51,63,0.47
Nanortalik,Sermersooq Municipality,Greenland,60.1424955,-45.2394951,88,37.08,37.08,100,4.83
Diego de Almagro,Atacama,Chile,-26.3902488,-70.0475302,66,60.78,60.78,0,2.39
Nelson Bay,New South Wales,Australia,-32.715,152.151111,78,54.48,57.76,97,1.01
Lạng Sơn,Lạng Sơn,Vietnam,21.853708,106.761519,80,71.02,71.02,59,1.95
Lagoa,Faro District,Portugal,37.1356176,-8.4514359,64,69.31,69.31,0,9.06
Inírida,Guainia,Colombia,3.8702044,-67.92433609999999,95,75.4,75.4,50,1.25
Krasnyy Chikoy,Zabaykalsky Krai,Russia,50.3701705,108.7703777,59,57.49,57.49,2,3.24
Itarema,State of Ceará,Brazil,-3.0318593,-39.8579118,77,77.92,77.92,3,11.43
Santa Isabel,Santa Isabel,Puerto Rico,17.9660775,-66.404892,74,80.24,83.95,100,12.84
Bonavista,Newfoundland and Labrador,Canada,48.6533449,-53.11182489999999,96,57.09,57.09,100,15.41
Pangody,Yamalo-Nenets Autonomous Okrug,Russia,65.85451730000001,74.4882052,62,44.94,44.94,100,9.35
Vestmannaeyjar,,Iceland,63.437679,-20.267321,94,47.16,47.16,100,7.54
Suite 570,New York,United States,40.6790166,-73.9201934,86,68.04,73.44,1,3.44
Kodinsk,Krasnoyarsk Krai,Russia,58.60767269999999,99.1779093,87,45.7,45.7,100,7.2
Lompoc,California,United States,34.6391501,-120.4579409,68,70.27,84.34,40,4.0
The Castro,California,United States,37.7609082,-122.4350043,77,64.13,89.2,40,11.99
Ola,Arkansas,United States,35.0323119,-93.2232345,67,82.71,83.98,100,3.11
Basti,Uttar Pradesh,India,26.8139844,82.7629893,37,91.27,91.27,41,3.42
Westport,Connecticut,United States,41.1414717,-73.3579049,92,68.29,74.91,75,1.01
Mangrol,Gujarat,India,21.1171698,70.11581129999999,71,83.77,83.77,87,10.71
Lucea,Hanover Parish,Jamaica,18.4504186,-78.17639369999999,78,75.85,85.86,19,8.43
Shushenskoe,Krasnoyarsk Krai,Russia,53.3268095,91.9436111,96,58.68,58.68,100,4.85
Mamakan,Irkutsk Oblast,Russia,57.8181289,114.0147135,51,68.61,68.61,49,2.55
50,California,United States,38.4394213,-122.7106652,36,84.49,100.9,40,8.1
Catamarca,Catamarca Province,Argentina,-28.469581,-65.7795441,69,68.54,71.64,0,1.01
Cayenne,Arrondissement of Cayenne,French Guiana,4.92242,-52.3134531,85,80.94,80.94,20,1.99
Sal Rei,Boa Vista,Cape Verde,16.183349,-22.9148168,88,72.16,72.16,27,20.8
Katsuura,Chiba,Japan,35.1522272,140.3208833,86,68.99,71.37,99,12.93
Buala,Isabel Province,Solomon Islands,-8.1662459,159.6189829,76,81.9,81.9,79,8.08
Luanda,Luanda Province,Angola,-8.8146556,13.2301756,78,79.39,79.39,75,9.22
New Norfolk,Tasmania,Australia,-42.781144,147.0622665,64,45.32,50.14,100,1.01
409,California,United States,33.9196217,-118.4118604,72,72.91,94.57,5,5.01
Dunmore East,County Waterford,Ireland,52.1527666,-6.994803999999999,72,56.14,56.39,68,11.81
General Pico,La Pampa,Argentina,-35.6593239,-63.75778869999999,52,60.57,60.57,100,11.77
Alta Floresta,State of Mato Grosso,Brazil,-9.8672231,-56.0870033,61,78.78,78.78,0,1.14
Viedma,Río Negro,Argentina,-40.8119087,-62.9962044,52,51.87,51.87,96,7.14
Malibu,California,United States,34.0259216,-118.7797571,59,75.76,94.48,29,3.0
Chimbote,Ancash,Peru,-9.0633364,-78.589011,83,65.89,65.89,6,8.39
Cabanas de Tavira - Algarve,Faro,Portugal,37.1387953,-7.592285499999999,52,69.78,69.78,32,11.79
Paungde,Bago Region,Myanmar (Burma),18.4931618,95.5066242,72,81.95,81.95,100,3.96
Oktyabrsky,Republic of Bashkortostan,Russia,54.4772015,53.4895394,78,45.21,45.21,2,5.28
Goma,North-Kivu,Democratic Republic of the Congo,-1.658501,29.2204548,87,63.14,63.14,82,2.08
Amalapuram,Andhra Pradesh,India,16.5774798,82.0031455,83,81.27,81.27,43,2.62
Bani Waled,Misrata District,Libya,31.7975831,14.053676,67,65.48,65.48,25,7.07
Fallon,Nevada,United States,39.4748693,-118.7770407,10,98.06,98.49,40,0.0
Gambela,Gambella,Ethiopia,8.2471899,34.5915966,95,69.44,69.44,27,4.27
Beloha,Toliara Province,Madagascar,-25.1694494,45.0606557,86,64.65,64.65,6,8.95
Airai,,Palau,7.396611799999999,134.5690225,78,80.67,80.67,100,3.58
Strezhevoy,Tomsk Oblast,Russia,60.72360759999999,77.5809306,70,44.62,44.62,58,9.75
Hobart,Tasmania,Australia,-42.8826055,147.3257197,64,47.57,50.2,75,4.0
Piraí do Sul,State of Paraná,Brazil,-24.5392476,-49.9409775,88,58.15,58.15,0,2.39
Seoul,,South Korea,37.566535,126.9779692,66,63.5,64.81,75,9.17
Burnie,Tasmania,Australia,-41.0522881,145.904988,74,51.75,51.75,86,16.55
Upernavik,Kitaa,Greenland,72.7862882,-56.1375527,77,32.97,32.97,70,8.9
Dongsheng District,Inner Mongolia,China,39.822507,109.963338,22,60.42,60.42,0,4.85
Mocuba,Zambezia Province,Mozambique,-16.8402212,36.9648534,77,63.91,63.91,84,5.91
Cam Ranh,Khanh Hoa Province,Vietnam,11.9662117,109.1915578,83,80.64,80.64,20,3.44
Sheberghan,Jowzjan,Afghanistan,36.6817149,65.7490624,14,84.47,84.47,0,9.13
Karasburg,Karas Region,Namibia,-28.0216751,18.7482165,16,49.96,49.96,0,11.43
Verkhneviliuisk,Sakha Republic,Russia,63.44538369999999,120.3277282,49,60.67,60.67,91,8.95
Kikwit,Kwilu,Democratic Republic of the Congo,-5.0487359,18.7838572,51,74.16,74.16,25,2.19
Mahebourg,Grand Port District,Mauritius,-20.4059505,57.7034222,94,72.09,73.45,75,14.97
1000,New York,United States,40.7794366,-73.963244,83,68.74,73.83,1,0.0
Mar del Plata,Buenos Aires Province,Argentina,-38.0054771,-57.5426106,85,56.19,57.11,0,1.01
Morehead,Kentucky,United States,38.1839705,-83.4326841,50,78.4,83.28,1,6.93
Takoradi,Western Region,Ghana,4.9015794,-1.7830973,85,79.39,79.39,71,8.72
1710,California,United States,37.5003923,-122.2607261,58,68.43,89.58,20,3.0
513,Iowa,United States,41.659888,-91.5280319,29,87.22,88.39,1,14.97
Barentsburg,Svalbard,Svalbard and Jan Mayen,78.0648475,14.2334597,95,32.22,32.22,96,7.96
Zasheyek,Murmansk Oblast,Russia,67.4030643,32.5189494,62,56.55,56.55,44,5.03
455,Indiana,United States,41.46460099999999,-87.3323017,28,87.39,89.56,1,12.82
Dafeng District,Jiangsu,China,33.200333,120.50085,56,72.97,72.97,34,13.51
Puerto del Rosario,Canary Islands,Spain,28.500821,-13.8628367,64,67.75,67.75,74,19.57
Anqing,Anhui,China,30.531919,117.115101,78,68.27,68.27,80,6.29
Tsiombe,Toliara Province,Madagascar,-25.3168473,45.48630929999999,92,64.87,64.87,2,7.34
Murdochville,Quebec,Canada,48.959142,-65.4949729,70,54.46,54.46,60,8.1
Narsaq,Kujalleq Municipality,Greenland,60.9129622,-46.0504831,82,38.17,38.17,99,5.46
Bredasdorp,Western Cape,South Africa,-34.5385222,20.0568771,93,46.15,52.72,3,3.58
Jinchang,Gansu,China,38.520089,102.188043,13,69.98,69.98,1,8.03
Bahāwalnagar,Punjab,Pakistan,30.0024888,73.2411506,34,91.99,91.99,0,5.26
Matru,Southern Province,Sierra Leone,7.6042266,-12.1718486,89,78.17,78.17,100,3.8
Lázaro Cárdenas,Michoacán,Mexico,17.9567646,-102.1943485,60,86.61,86.61,100,10.18
64,New York,United States,41.098076,-73.947919,84,68.49,74.61,65,1.01
Geraldton,Western Australia,Australia,-28.7750917,114.609858,87,46.74,46.74,0,5.75
San Pedro del Ycuamandiyú,San Pedro Department,Paraguay,-24.0863273,-57.0844094,38,80.19,80.19,3,6.08
Brekstad,Trøndelag,Norway,63.6862525,9.6623489,94,54.45,62.64,0,8.05
Ghatanji,Maharashtra,India,20.1436894,78.311672,61,83.21,83.21,92,4.18
Atar,Adrar,Mauritania,20.5072923,-13.052978,23,92.86,92.86,7,16.67
Vanimo,Sandaun Province,Papua New Guinea,-2.6896767,141.2998457,92,78.03,78.03,100,5.55
416,Oaxaca,Mexico,17.0588821,-96.7273081,66,72.95,72.95,98,2.42
Chersky,Sakha Republic,Russia,68.742677,161.3507839,31,67.03,67.03,100,15.9
Bendigo,Victoria,Australia,-36.7570157,144.2793906,62,40.98,40.98,47,3.71
Celestún,Yucatan,Mexico,20.8593042,-90.3972052,75,84.24,84.24,79,16.78
Grieskirchen,Upper Austria,Austria,48.23587,13.82617,88,61.86,63.82,80,3.78
Deqing,Zhejiang,China,30.54251,119.9774,81,68.02,68.02,56,4.14
Ouargla,Ouargla Province,Algeria,31.9527411,5.3335348,17,93.25,93.25,91,17.27
Bourail,South Province,New Caledonia,-21.5669347,165.4985521,66,76.06,76.06,92,0.65
650,Québec,Canada,45.3283677,-73.2896554,39,79.9,82.15,2,10.36
Winnemucca,Nevada,United States,40.9729584,-117.7356849,9,96.85,96.85,1,18.39
Port Hedland,Western Australia,Australia,-20.3110308,118.6094543,43,69.82,69.82,90,8.05
Qiongshan District,Hainan,China,20.003169,110.353972,83,76.98,76.98,0,7.96
Benguela,Benguela Province,Angola,-12.5905158,13.416501,85,72.84,72.84,1,3.11
Vigrestad,Rogaland,Norway,58.5710321,5.6818233,87,56.37,57.02,82,6.15
Gqeberha,Eastern Cape,South Africa,-33.9608369,25.6022423,87,44.29,44.29,0,5.75
Samarai Island,,Papua New Guinea,-10.6120235,150.6640758,91,77.65,77.65,100,7.7
Bubaque,Bolama,Guinea-Bissau,11.2987384,-15.8378366,80,80.67,80.67,31,15.99
Borogontsy,Sakha Republic,Russia,62.679165,131.152863,37,72.91,72.91,37,9.33
Kasongo-Lunda,Kwango,Democratic Republic of the Congo,-6.4788114,16.8119382,57,69.46,69.46,7,1.79
Yomitan,Okinawa,Japan,26.3960774,127.7444117,89,81.86,82.36,90,11.5
Ust-Tsilma,Komi Republic,Russia,65.4338788,52.1540756,73,56.1,56.1,9,4.27
Yizhou,Xinjiang,China,42.3411207,93.5175471,29,79.61,79.61,67,12.66
Trincomalee,Eastern Province,Sri Lanka,8.5873638,81.2152121,79,80.31,80.31,99,14.29
Leshukonskoye,Arkhangelsk Oblast,Russia,64.89734659999999,45.76517339999999,68,56.64,56.64,37,5.61
Nabire,Papua,Indonesia,-3.3722254,135.5016253,86,77.83,77.83,98,3.22
Houston,Texas,United States,29.7604267,-95.3698028,79,77.58,79.52,75,3.0
Dikson,Krasnoyarsk Krai,Russia,73.507735,80.53103010000001,97,29.8,29.8,100,14.07
Biak,Papua,Indonesia,-1.0381022,135.9800848,93,77.47,77.47,100,3.0
Outjo,Kunene Region,Namibia,-20.1127536,16.1610343,38,52.25,52.25,0,14.23
Ust-Kuyga,Sakha Republic,Russia,69.99674999999999,135.5713649,64,62.98,62.98,91,8.61
Rudnichnyi,Kirov Oblast,Russia,59.6171873,52.4731822,81,49.12,49.12,7,5.06
Touggourt,Ouargla Province,Algeria,33.1049642,6.0662834,39,86.11,86.11,0,9.22
Badia Polesine,Veneto,Italy,45.0930208,11.4930558,79,67.77,72.25,68,6.29
561,South Carolina,United States,34.7923517,-82.3609264,59,83.61,86.52,40,9.22
Anahuac,Texas,United States,29.7730001,-94.6826961,82,74.86,78.15,77,9.22
Tuatapere,Southland,New Zealand,-46.1315913,167.6896869,70,49.68,49.68,100,9.6
Fort-Shevchenko,Mangystau Province,Kazakhstan,44.5075526,50.2624052,71,70.93,70.93,41,17.52
Kruisfontein,Eastern Cape,South Africa,-33.9843356,24.732102,78,46.51,46.51,0,4.38
Honningsvåg,Troms og Finnmark fylke,Norway,70.9822909,25.9702075,92,43.84,43.84,99,13.09
1805,Florida,United States,30.4641609,-84.2822418,65,86.41,91.29,100,5.99
Jumla,Karnali Province,Nepal,29.28892179999999,82.3017728,87,44.31,44.31,49,2.21
Rundu,Kavango Region,Namibia,-17.9253295,19.7532148,44,47.53,47.53,0,6.96
Elbistan,Kahramanmaraş,Turkey,38.2522117,37.3827234,57,52.14,52.14,0,3.04
Ermoupoli,,Greece,37.4418105,24.9404242,64,68.68,69.28,0,13.8
Catende,State of Pernambuco,Brazil,-8.6679698,-35.7218229,95,70.65,70.65,22,3.04
East London,England,United Kingdom,51.55633,0.0655092,94,56.5,59.13,90,1.99
1300,Indiana,United States,41.0858929,-85.147994,55,83.52,86.81,9,11.63
Touros,State of Rio Grande do Norte,Brazil,-5.1961669,-35.4635381,78,76.14,76.14,3,11.95
Souillac,Occitanie,France,44.893626,1.478613,99,56.89,59.14,99,4.61
Khomein,Markazi Province,Iran,33.6406148,50.0771125,15,70.12,70.12,0,2.06
Qeshm,,Iran,26.8118673,55.89132069999999,83,81.25,86.65,1,0.0
600,New York,United States,40.7307358,-74.0091687,82,69.24,74.1,1,3.0
Lesozavodsk,Primorsky Krai,Russia,45.4645149,133.3980578,82,57.99,57.99,93,11.7
Ancud,Los Lagos,Chile,-41.8675003,-73.8276965,82,46.56,46.6,39,9.57
Ustye,Vologda Oblast,Russia,59.6313435,39.72516,78,53.67,53.67,0,3.51
Nouadhibou,Dakhlet Nouadhibou,Mauritania,20.9425179,-17.0362272,64,71.47,71.47,0,23.02
Vestmanna,Streymoy,Faroe Islands,62.16316999999999,-7.165286099999999,100,47.7,47.7,90,11.81
Navapur,Maharashtra,India,21.1616527,73.7946403,78,82.08,82.08,91,9.44
Ürümqi,Xinjiang,China,43.825592,87.61684799999999,35,72.9,72.9,0,2.84
Tumanny,Murmansk Oblast,Russia,68.878911,35.6675264,77,50.0,50.0,96,7.2
2330,California,United States,34.0324527,-117.5948965,38,84.88,101.89,20,14.97
Camocim,State of Ceará,Brazil,-2.9008418,-40.84209999999999,74,79.27,79.27,2,14.5
Kadipaten,West Java,Indonesia,-6.767699800000001,108.1676607,87,73.92,73.92,12,3.42
Mount Gambier,South Australia,Australia,-37.8284406,140.7806761,87,44.85,44.85,90,13.8
Saskylakh,Sakha Republic,Russia,71.954308,114.1198349,80,34.77,34.77,100,9.71
Øksfjord,Troms og Finnmark fylke,Norway,70.239572,22.3478534,96,46.47,46.47,98,6.31
68,Massachusetts,United States,42.3189635,-72.6332728,72,75.18,79.0,100,2.98
7305,Kansas,United States,38.95615,-94.670166,75,83.28,86.18,74,8.12
Wentzville,Missouri,United States,38.81144,-90.8529107,46,83.46,86.95,29,3.0
1-15,Nordrhein-Westfalen,Germany,51.21058,6.269780099999999,94,62.58,65.48,90,3.27
Broken Hill,New South Wales,Australia,-31.9595859,141.4608138,100,40.75,40.75,0,0.0
Krasnosel'kup,Yamalo-Nenets Autonomous Okrug,Russia,65.69455599999999,82.525613,74,39.81,39.81,44,10.6
Aswan,Aswan Governorate,Egypt,24.088938,32.8998293,22,81.77,81.77,0,16.33
Port-Gentil,Ogooue-Maritime,Gabon,-0.7351025999999999,8.7591311,89,78.78,78.78,75,9.22
Margate,Florida,United States,26.2445263,-80.206436,74,82.65,84.04,96,5.99
Alenquer,Lisboa,Portugal,39.0577004,-9.0140033,7,59.32,61.79,98,11.05
The Naze,England,United Kingdom,51.8666667,1.2833333,97,54.25,55.69,100,4.0
Yarada,Andhra Pradesh,India,17.6630996,83.27802779999999,94,82.4,82.4,20,12.17
910,North Carolina,United States,35.8587422,-78.65373919999999,70,80.8,83.86,78,1.01
Lahij,Lahij Governorate,Yemen,13.0578415,44.8832833,53,85.15,85.15,40,4.79
Pailón,Santa Cruz Department,Bolivia,-17.658609,-62.7265099,64,79.79,80.37,85,10.2
750,California,United States,35.6852076,-121.1682251,56,78.58,89.08,24,7.14
7396,Colorado,United States,39.4696962,-104.9916811,17,85.82,89.26,1,4.0
Chapais,Quebec,Canada,49.78221,-74.85248,43,65.97,65.97,100,4.56
Dachuan District,Sichuan,China,31.196079,107.511843,81,68.72,68.72,96,2.8
Walvis Bay,Erongo Region,Namibia,-22.9584081,14.5057511,18,72.55,72.55,0,6.55
Padang,West Sumatra,Indonesia,-0.9470832,100.417181,93,75.65,75.65,100,1.79
10,California,United States,37.5655418,-122.3286496,65,67.05,91.26,40,5.99
2315,Texas,United States,32.838761,-96.97536300000002,61,79.52,81.34,1,8.16
La Ronge,Saskatchewan,Canada,55.10823,-105.285989,29,77.05,77.05,20,5.75
Esperance,Western Australia,Australia,-33.8613469,121.8914377,71,49.75,49.75,17,12.39
Martapura,South Kalimantan,Indonesia,-3.411598,114.8452,94,77.11,77.11,11,2.3
Totness,South Australia,Australia,-35.0488165,138.8389513,93,45.61,49.05,60,9.64
Bjørnevatn,Troms og Finnmark fylke,Norway,69.6674613,29.9871566,87,48.54,48.54,59,3.44
Las Colinas,Texas,United States,32.8958605,-96.9588229,62,79.74,81.57,75,7.87
Kirakira,Makira-Ulawa,Solomon Islands,-10.4558259,161.9187146,73,83.98,83.98,24,6.17
Port Alfred,Eastern Cape,South Africa,-33.5864065,26.8851448,70,54.54,54.54,1,8.72
Taksimo,Buryatia,Russia,56.3667702,114.8344788,51,65.88,65.88,12,1.88
Lima,Callao Region,Peru,-12.0463731,-77.042754,90,62.24,64.78,2,1.01
San Pedro,California,United States,33.7360619,-118.2922461,72,70.45,92.68,1,4.0
Caravelas,State of Bahia,Brazil,-17.7335834,-39.2652564,89,73.0,73.0,85,6.33
# 105,Nevada,United States,36.0468041,-115.2441626,8,105.91,108.41,20,9.22
260,Gauteng,South Africa,-26.09866,27.996771,72,40.84,48.49,0,1.01
Zhigansk,Sakha Republic,Russia,66.75206399999999,123.3941119,84,42.76,42.76,99,17.34
Bokspits,Northern Cape,South Africa,-26.9,20.7,27,50.83,50.83,0,7.96
85,Ceará,Brazil,-3.7571057,-38.48926489999999,78,80.71,81.21,40,4.61
Yunhe County,Zhejiang,China,28.11579,119.573397,97,68.07,68.07,99,0.16
Osterburg,Saxony-Anhalt,Germany,52.7890715,11.7223312,94,58.75,58.75,69,6.8
Fevik,Agder,Norway,58.3782012,8.6760206,69,50.36,55.62,51,1.45
Cape Coast,Central,Ghana,5.13151,-1.2794744,85,79.41,79.41,57,10.02
Magong,,Taiwan,23.5706269,119.5774616,85,79.97,79.97,100,8.37
Korla,Xinjiang,China,41.725891,86.17463300000001,29,74.25,74.25,63,8.7
Mutsu,Aomori,Japan,41.2927986,141.1834683,67,62.51,62.51,40,11.5
Labutta,Ayeyarwady,Myanmar (Burma),16.149328,94.7562159,79,82.96,82.96,100,6.89
Tiksi,Sakha Republic,Russia,71.63748199999999,128.8644716,85,39.76,39.76,100,10.56
San Cristóbal de las Casas,Chiapas,Mexico,16.7369928,-92.6375988,90,59.61,59.61,99,2.86
Sakete,Plateau Department,Benin,6.7368274,2.6636066,80,79.72,79.72,81,6.98
Dakar,Dakar Region,Senegal,14.716677,-17.4676861,83,74.98,77.56,12,11.5
Jalu,Al Wahat District,Libya,29.040621,21.4991334,26,80.38,80.38,0,9.37
Tuktoyaktuk,Northwest Territories,Canada,69.445358,-133.034181,81,39.2,39.2,90,13.8
Nizhneyansk,Sakha Republic,Russia,71.450058,136.1122279,96,49.66,49.66,100,6.62
100,North Carolina,United States,35.8101509,-78.4820318,72,80.87,84.09,77,7.14
Namatanai District,New Ireland Province,Papua New Guinea,-3.6528325,152.3917226,74,82.72,82.72,44,7.11
Hambantota,Southern Province,Sri Lanka,6.1428829,81.12123079999999,81,79.2,79.2,98,14.09
Miguel Calmon,State of Bahia,Brazil,-11.4287281,-40.5948242,96,68.43,68.43,98,9.8
Mombetsu,Hokkaido,Japan,44.3564386,143.3543524,57,62.44,62.44,0,5.88
San Policarpo,Eastern Visayas,Philippines,12.2046953,125.4781649,88,77.58,77.58,100,4.88
Mildura,Victoria,Australia,-34.2080167,142.1245535,100,35.67,35.67,3,2.3
Shirokovskiy,Nizhny Novgorod Oblast,Russia,54.92013619999999,44.7444294,76,53.47,53.47,90,13.73
Zainsk,Republic of Tatarstan,Russia,55.2840468,52.0031731,79,52.75,52.75,0,5.23
Baraawe,Shabeellaha Hoose,Somalia,1.1161954,44.0318162,82,78.24,78.24,26,17.47
1140,Arkansas,United States,36.3858333,-94.2205556,51,80.35,82.89,90,4.61
Vysokogornyy,Stavropol Krai,Russia,43.84879979999999,42.7267967,87,47.12,47.12,94,4.59
Barra Velha,State of Santa Catarina,Brazil,-26.6331439,-48.6846608,96,69.91,71.49,3,3.11
Bidhuna,Uttar Pradesh,India,26.8030435,79.5055246,30,93.16,93.16,73,2.98
Wencheng County,Zhejiang,China,27.786996,120.091498,97,68.97,68.97,99,1.05
3622,Nebraska,United States,41.25264380000001,-95.9672813,27,91.08,95.02,1,1.99
Taoudenni,Tombouctou Region,Mali,22.6764132,-3.9789143,17,97.43,97.43,53,12.64
Joshimath,Uttarakhand,India,30.5505524,79.56596329999999,58,56.75,56.75,4,6.64
Zhosaly,Kyzylorda,Kazakhstan,45.4852437,64.08186119999999,52,71.65,71.65,1,24.07
Mahajanga,Mahajanga Province,Madagascar,-15.6921494,46.3336857,83,77.11,77.11,20,3.44
Pascagoula,Mississippi,United States,30.3657552,-88.5561272,80,78.55,80.82,99,0.74
Tinskoy,Krasnoyarsk Krai,Russia,56.1623008,96.9709055,88,54.09,54.09,100,6.44
Bulgan,,Mongolia,48.9690913,102.8831723,46,57.38,57.38,77,6.26
Latung,East Nusa Tenggara,Indonesia,-8.4352311,120.4386437,84,71.73,71.73,26,3.09
Murghab,Gorno-Badakhshan Autonomous Province,Tajikistan,38.1869138,73.9976946,47,45.23,45.23,0,4.21
Havre-Saint-Pierre,Quebec,Canada,50.24181400000001,-63.598569,82,59.36,59.36,1,10.36
701,Arkansas,United States,36.1702073,-94.1361356,53,78.94,82.38,40,6.91
Danane,Montagnes District,Côte d'Ivoire,7.267603699999999,-8.1447804,98,70.63,70.63,95,1.16
Licata,Sicily,Italy,37.1017094,13.9373306,66,65.01,71.04,78,4.18
Rincon,Rincón,Puerto Rico,18.3402164,-67.2500174,90,78.24,83.66,100,1.01
Antofagasta,Antofagasta,Chile,-23.6509279,-70.39750219999999,87,61.63,61.63,20,3.11
Ambovombe,Toliara Province,Madagascar,-25.1720132,46.0897124,88,65.97,65.97,24,9.57
Povenets,Republic of Karelia,Russia,62.847787,34.8257603,68,51.98,51.98,29,3.44
Talca,Maule,Chile,-35.4232444,-71.6484804,86,60.1,60.1,100,4.65
Hobyo,Mudug,Somalia,5.3515922,48.5249751,84,78.22,78.22,2,19.22
Kupang,East Nusa Tenggara,Indonesia,-10.1771997,123.6070329,83,76.98,76.98,20,5.75
Grand River South East,Flacq District,Mauritius,-20.2888094,57.78141199999999,94,71.98,73.36,75,16.58
Havre,Montana,United States,48.549999,-109.6840887,34,86.49,90.01,50,13.96
Betanzos,Galicia,Spain,43.2784298,-8.213123399999999,83,54.14,56.57,0,2.71
Paita District,Piura,Peru,-5.0938488,-81.0962172,81,67.84,67.84,8,16.28
Knoxville,Tennessee,United States,35.9606384,-83.9207392,55,80.44,83.41,1,0.0
Yerbogachen,Irkutsk Oblast,Russia,61.2776586,108.0136671,87,46.31,46.31,100,4.43
Namibe,Namibe Province,Angola,-15.1978317,12.1575544,63,70.38,70.38,0,2.8
Voh,North Province,New Caledonia,-20.9557855,164.6839545,51,78.73,78.73,71,3.11
Montevideo,Montevideo Department,Uruguay,-34.9011127,-56.16453139999999,98,64.11,64.76,90,6.53
Sørvágur,Vága Municipality,Faroe Islands,62.07129279999999,-7.3058656,100,50.92,50.92,90,13.8
650,Missouri,United States,38.6449452,-90.5045728,40,83.93,87.12,11,1.01
848,New York,United States,42.9168466,-73.8895636,60,76.05,78.12,73,6.46
Nikolskoye,Kamchatka Krai,Russia,55.1981604,166.0015368,75,47.61,47.61,100,15.61
Bargaal,Bari,Somalia,11.2854783,51.0762536,78,81.07,81.07,2,7.09
Hargeisa,Woqooyi Galbeed,Somalia,9.562389,44.0770134,60,71.31,71.31,46,18.21
1209,Washington,United States,47.2233696,-122.4498672,53,68.79,71.96,57,10.36
606-614,California,United States,34.0812288,-118.3853088,61,77.18,96.12,4,3.0
Harper,Kansas,United States,37.2866863,-98.0258945,37,89.01,90.07,18,16.11
Antalaha,Antsiranana Province,Madagascar,-14.9061237,50.2785486,91,70.61,70.61,63,4.94
Ólafsvík,,Iceland,64.89604849999999,-23.7060262,94,48.25,48.25,100,2.64
San Jerónimo,Antioquia,Colombia,6.442825699999999,-75.72776689999999,80,87.57,87.57,100,2.17
Le Port,Saint-Paul,Réunion,-20.9456859,55.295055,91,70.56,73.15,3,1.99
Ilulissat,Qaasuitsup Municipality,Greenland,69.2198118,-51.0986031,58,45.57,45.57,3,14.16
119,Minnesota,United States,44.9840019,-93.270084,29,94.06,97.43,1,11.97
Cabedelo,State of Paraíba,Brazil,-7.0402624,-34.8430098,83,77.65,77.65,20,9.93
Gouyave,Saint John,Grenada,12.1691738,-61.7261422,78,81.12,81.12,75,18.14
Guerrero Negro,Baja California Sur,Mexico,27.9591758,-114.056646,48,74.37,74.37,1,16.69
Ajdabiya,Ajdabiya,Libya,30.214647,20.1402594,32,74.44,74.44,0,13.33
Novonikolaevskii,Volgograd Oblast,Russia,50.975842,42.35232250000001,95,51.67,51.67,91,11.79
Marystown,Newfoundland and Labrador,Canada,47.1650754,-55.1555299,100,53.78,53.78,100,1.01
Aquiraz,State of Ceará,Brazil,-3.9063032,-38.3874882,86,80.58,81.07,2,8.59
Port Moresby,National Capital District,Papua New Guinea,-9.4438004,147.1802671,88,76.3,76.3,75,11.5
Chernyshevsky,Sakha Republic,Russia,63.0250384,112.4902494,88,43.83,43.83,100,4.68
Alice Springs,Northern Territory,Australia,-23.698042,133.8807471,87,42.37,42.37,65,6.06
Mount Isa,Queensland,Australia,-20.7263687,139.4930159,51,60.64,60.64,37,10.36
Grand Gaube,Rivière du Rempart District,Mauritius,-20.014212,57.6694082,91,73.4,73.4,46,5.01
Zhanakorgan,Kyzylorda Province,Kazakhstan,43.9082043,67.24177,27,79.88,79.88,9,7.61
Kudahuvadhoo,Central Province,Maldives,2.6707463,72.8943768,72,83.62,83.62,100,17.49
Shyngyrlau,West Kazakhstan Province,Kazakhstan,51.0980599,54.08407159999999,75,56.44,56.44,38,14.18
Te Anau,Southland,New Zealand,-45.41442929999999,167.7180426,80,54.37,54.37,100,9.17
5000,Oklahoma,United States,36.1476579,-96.0493684,51,83.62,85.14,69,7.18
Kavaratti,Lakshadweep,India,10.5593204,72.63581340000002,80,82.53,82.53,100,18.07
Champerico,Retalhuleu Department,Guatemala,14.2974022,-91.9087026,72,90.05,90.16,22,9.93
Half Moon Bay,California,United States,37.4635519,-122.4285862,68,66.13,88.12,75,9.22
Springfield,Missouri,United States,37.2089572,-93.2922989,51,80.96,83.19,94,5.01
Toftir,Eysturoy,Faroe Islands,62.09733120000001,-6.737046899999999,95,50.86,50.86,61,13.13
Agüimes,Canary Islands,Spain,27.9018327,-15.4463485,64,65.07,65.79,75,24.16
Salym,Khanty-Mansi Autonomous Okrug,Russia,60.0612676,71.453642,81,42.64,42.64,19,5.84
Porangatu,State of Goiás,Brazil,-13.4329875,-49.14241149999999,45,74.08,74.08,31,3.11
2030,Texas,United States,32.9703284,-96.9067729,64,79.59,81.41,75,1.01
Angola,,,-11.202692,17.873887,47,56.59,56.59,22,4.05
Pyapon,Ayeyarwady,Myanmar (Burma),16.2850333,95.6799816,79,82.22,82.22,98,6.96
Linqing,Shandong,China,36.838277,115.704881,27,76.64,76.64,64,8.03
285,Texas,United States,28.7083932,-100.4923471,48,85.53,87.06,100,0.96
Vao,Malampa Province,Vanuatu,-15.8969511,167.3080313,70,79.34,79.34,90,9.1
Vũng Tàu,Ba Ria - Vung Tau,Vietnam,10.4113797,107.136224,85,80.6,80.6,98,7.0
Balabac,MIMAROPA,Philippines,8.1539618,117.1264753,78,84.72,84.72,100,14.36
Coahuayana,Michoacán,Mexico,18.7372222,-103.6688888,49,90.43,90.43,88,6.76
Salta,Salta Province,Argentina,-24.7821269,-65.4231976,75,63.01,64.98,0,1.99
Gidole,"Southern Nations, Nationalities, and People's Region",Ethiopia,5.6497493,37.3693679,87,55.24,55.24,21,2.28
Mandalgovi,Dundgovi,Mongolia,45.7631589,106.2650297,31,62.02,62.02,2,2.04
Sortland,Nordland,Norway,68.69588449999999,15.4051116,84,52.72,55.06,61,4.59
Mehamn,Troms og Finnmark fylke,Norway,71.0357069,27.848941,92,44.69,44.69,96,16.53
Luan River,,China,40.8957785,117.7982479,38,66.31,66.31,40,4.45
Grindavik,,Iceland,63.8441808,-22.4383818,100,47.03,48.02,75,7.47
# Ll3,New York,United States,40.728946,-73.8572059,86,68.22,73.51,1,1.01
Berbera,Woqooyi Galbeed,Somalia,10.4347941,45.0139904,54,89.85,89.85,67,7.94
Klouklubed,Peleliu,Palau,7.040244599999999,134.256193,78,81.23,81.23,100,5.64
Hollola,,Finland,60.9887015,25.5163229,89,52.38,52.38,3,2.08
Byron Bay,New South Wales,Australia,-28.6473671,153.601977,68,58.03,66.11,6,13.18
Buin,Autonomous Region of Bougainville,Papua New Guinea,-6.7465002,155.6851709,67,84.33,84.33,100,3.0
Birjand,South Khorasan Province,Iran,32.8649039,59.2262472,7,81.05,81.05,0,4.61
Benjamín Hill,Sonora,Mexico,30.1704706,-111.1101249,9,95.36,95.36,1,15.57
123,Pennsylvania,United States,41.1989667,-76.8178436,70,74.77,76.62,40,4.59
Suite 920,Texas,United States,32.7842542,-96.79764,43,79.88,81.57,100,8.19
Teguise,Canary Islands,Spain,29.0599533,-13.5595989,63,62.6,62.6,20,19.64
Angoram,East Sepik Province,Papua New Guinea,-4.0438672,144.0711745,92,79.27,79.27,98,2.3
11123-B,Mississippi,United States,30.44506,-89.0994951,80,80.11,82.98,96,5.44
Isabela,Isabela,Puerto Rico,18.5007759,-67.0243462,100,78.37,83.25,100,20.58
Umm Bab,"الريان, Al Rayyan, Ар Раян, Αρ Ραϊάν, אראיאן, अर रायन, ラヤーン, Arajana, Ar Rayyan, Ar Rayyān, Ar-Rajjan, Ар-Райян, Ar Raqqah, Ар-Рајан, อาร์รอยยัน, 赖...ra",Qatar,25.2091503,50.80118969999999,45,88.21,88.21,0,8.7
Sinnamary,Arrondissement of Cayenne,French Guiana,5.3746712,-52.9545991,91,77.09,77.09,31,8.97
Yeppoon,Queensland,Australia,-23.1335258,150.7374455,58,58.96,58.96,7,12.5
Bairiki,Gilbert Islands,Kiribati,1.3290526,172.9790528,79,84.22,84.22,75,5.14
Kota Kinabalu,Sabah,Malaysia,5.980408,116.0734568,89,78.76,78.76,20,6.91
Dingle,County Kerry,Ireland,52.14093889999999,-10.2640135,91,52.83,52.83,99,4.29
Donostia-San Sebastian,Basque Country,Spain,43.318334,-1.9812313,86,57.42,59.2,90,1.01
Bol'shaya Irba,Krasnoyarsk Krai,Russia,54.0802353,92.931382,98,58.91,58.91,100,4.18
Porto-Novo,Ouémé Department,Benin,6.4968574,2.6288523,76,80.4,80.4,100,8.57
Praia,Praia,Cape Verde,14.93305,-23.5133267,78,73.89,73.89,20,21.85
Lamu,Lamu County,Kenya,-2.2695575,40.9006408,84,77.11,77.11,11,13.13
Garh Mahārāja,Punjab,Pakistan,30.8338234,71.9060471,34,91.38,91.38,0,5.75
Stawell,Victoria,Australia,-37.0575657,142.7753712,76,41.4,41.4,96,7.72
Mutsamudu,Nzwani,Comoros,-12.1695811,44.40047,77,76.28,76.28,7,11.79
Ivanivka,Odessa Oblast,Ukraine,46.9755236,30.469358,78,57.56,57.56,84,8.01
Omsukchan,Magadan Oblast,Russia,62.533333,155.8,60,46.38,46.38,40,10.33
